Word,Frequency
forest,16
management,16
history,7
data,7
use,6
growth,6
fire,6
tribal,6
relationships,5
us,5
ecology,5
analysis,5
statistics,5
conflict,5
indigenous,5
relation,4
introductory,4
natural,4
resource,4
development,4
social,4
california,4
structure,3
concepts,3
land,3
resources,3
field,3
principles,3
environmental,3
factors,3
public,3
theory,3
science,3
systems,3
historical,3
soil,3
collection,3
probability,3
stand,3
interactions,3
native,3
federal,3
topics,3
life,2
plant,2
plants,2
human,2
applications,2
broad,2
populations,2
conservation,2
identify,2
conditions,2
using,2
ecological,2
applied,2
production,2
community,2
surveying,2
including,2
survey,2
measurements,2
sampling,2
biotic,2
abiotic,2
identification,2
important,2
reduce,2
impacts,2
introduction,2
issues,2
options,2
overview,2
practices,2
objectives,2
remote,2
sensing,2
geographic,2
information,2
spatial,2
authority,2
physical,2
biological,2
materials,2
descriptive,2
bivariate,2
distributions,2
foundational,2
confidence,2
intervals,2
hypothesis,2
tests,2
abuse,2
processes,2
comparison,2
techniques,2
nature,2
time,2
methods,2
economic,2
government,2
policies,2
emphasis,2
creation,2
interpretation,2
meets,2
requirement,2
established,2
legislature,2
hydrologic,2
cultural,2
tribes,2
peoples,2
indian,2
focusing,2
ecosystem,2
traditional,2
organization,2
legal,2
jurisdiction,2
function,1
reproduction,1
cycles,1
phylogenetic,1
groups,1
organisms,1
activities,1
terminal,1
fundamental,1
general,1
inorganic,1
chemistry,1
aspects,1
humanity,1
movement,1
present,1
day,1
problems,1
treesshrubs,1
ranges,1
botanical,1
characteristics,1
commercial,1
noncommercial,1
uses,1
rates,1
total,1
environment,1
herbarium,1
specimens,1
biogeochemistry,1
disturbances,1
succession,1
classificationdescription,1
angle,1
distance,1
measurement,1
leveling,1
traverse,1
topographic,1
map,1
reading,1
construction,1
tree,1
statistical,1
disturbance,1
agents,1
insects,1
diseases,1
north,1
america,1
predisposing,1
increase,1
susceptibility,1
forests,1
strategies,1
fuels,1
current,1
negative,1
wildfire,1
operations,1
associated,1
today’s,1
mechanized,1
equipment,1
tool,1
meet,1
various,1
scale,1
coordinates,1
geodesy,1
direction,1
projections,1
global,1
positioning,1
gps,1
gis,1
cartography,1
context,1
illustrating,1
maps,1
depict,1
chart,1
power,1
convey,1
soil’s,1
chemical,1
properties,1
implications,1
parent,1
reports,1
rudimentary,1
univariate,1
random,1
variables,1
discrete,1
continuous,1
integrated,1
support,1
aid,1
comprehension,1
open,1
math,1
placement,1
category,1
iii,1
iv,1
complex,1
disputes,1
skill,1
planning,1
culturally,1
appropriate,1
inclusive,1
participation,1
meeting,1
facilitation,1
mediation,1
nonviolent,1
inventory,1
timber,1
cruising,1
site,1
index,1
determination,1
develop,1
volume,1
tables,1
predict,1
models,1
computer,1
woody,1
interaction,1
stresses,1
influencing,1
vigor,1
changes,1
caused,1
humans,1
thinning,1
harvesting,1
fertilization,1
wind,1
climate,1
selection,1
genetic,1
improved,1
seedling,1
stock,1
types,1
effect,1
morphologysurvival,1
capital,1
budgeting,1
benefitcost,1
appraisal,1
taxation,1
welfare,1
economics,1
decision,1
making,1
uncertainty,1
risk,1
practice,1
controlling,1
establishment,1
composition,1
fundamentals,1
dynamics,1
stewardship,1
satisfy,1
range,1
possible,1
introduced,1
institutions,1
regulations,1
analyzed,1
implementation,1
“us,1
constitution,1
state,1
local,1
government”,1
ca,1
forestryrelated,1
project,1
produced,1
either,1
team,1
individual,1
culminating,1
presentation,1
considerations,1
roads,1
stream,1
crossings,1
road,1
drainage,1
influences,1
aquatic,1
habitat,1
protecting,1
salmonid,1
explore,1
discipline,1
archaeology,1
trace,1
many,1
paths,1
evolution,1
around,1
world,1
across,1
reconstructed,1
archaeological,1
record,1
origins,1
contentmethod,1
american,1
studies,1
contrast,1
adjoining,1
contributing,1
disciplines,1
anthropology,1
sociology,1
humanities,1
governing,1
shaped,1
societal,1
views,1
analyze,1
documents,1
following,1
policy,1
among,1
diverse,1
european,1
african,1
asian,1
americans,1
pertaining,1
radiation,1
aerial,1
photography,1
multispectral,1
scanners,1
image,1
processing,1
involving,1
manipulation,1
display,1
geographically,1
referenced,1
raster,1
vector,1
overlays,1
buffer,1
proximity,1
sql,1
queries,1
histories,1
freshwater,1
marine,1
fishes,1
fisheries,1
process,1
effects,1
regimes,1
components,1
managing,1
bioregions,1
ethical,1
engagement,1
knowledge,1
best,1
critical,1
importance,1
sciences,1
knowledges,1
addressing,1
developing,1
plans,1
projects,1
traditions,1
beliefs,1
people,1
western,1
based,1
comprehensive,1
review,1
na,1
civics,1
dual,1
role,1
citizenship,1
governance,1
justice,1
indianwhite,1
relations,1
education,1
religious,1
political,1
constraints,1
unique,1
federaltribal,1
relationship,1
scope,1
governments,1
modified,1
contact,1
legislation,1
supreme,1
court,1
decisions,1
regarding,1
indians,1
continues,1
nas,1
364,1
country,1
tribalstate,1
conflicts,1
special,1
examines,1
maintenance,1
nations,1
citizens,1
courts,1
policing,1
informal,1
formal,1
mechanisms,1
resolution,1
control,1
cultures,1
archeology,1
material,1
culture,1
interrelationships,1
